Country,Birth Rate,Cancer Rate,Dengue Cases,EPI,GDP,Health Expenditure,Heart Disease Rate,Population,Area,Pop Density,Stroke Rate,Life Expectancy
afghanistan,45.1,118.5,,37.74,19585,46,263.34,24485600,652864,37.5,154.41,59.82
albania,11.5,126.75,,65.46,15202,204,126.59,3195000,28748,111.1,105.31,77.49
algeria,24.8,74.01,,57.18,180441,228,110.05,35978000,2381741,15.1,74.66,74.42
american samoa,23.5,,,,,,,,,,,
andorra,10.2,,,,,4596,,,,,,
angola,40.9,82.46,,37.44,107316,97,128.73,18992708,1246700,15.2,142.27,51.68
anguilla (uk),11.1,,,,,,,,,,,
antigua and barbuda,13.8,119.09,,59.18,1626,673,87.16,,,,47.9,75.82
arab emirates,,46.07,,,,,147.92,,,,78,
argentina,18.7,134.15,,59.3,518092,699,106.36,40518951,2780400,14.6,44.13,76.01
armenia,13.3,196.12,,62.07,12411,169,213.2,3249482,29743,109.3,80.79,74.56
aruba (netherlands),10.6,,,,,,,,,,,75.39
australia,13.3,111.44,13,74.12,1418275,4953,54.11,22299800,7692024,2.9,24.06,83.42
austria,9.3,121.1,,78.97,457637,4725,94.43,8375290,83879,99.8,25.12,81.09
azerbaijan,19.4,103.74,,62.33,45418,287,295.11,8997586,86600,103.9,104.44,70.62
bahamas,13.8,104.65,,54.99,12803,1632,86.53,,,,46.25,75.15
bahrain,15,60.73,,55.15,38291,681,136.69,1234571,765,1613.8,38.54,76.38
bangladesh,19.2,83.38,,29.56,287630,20,108.99,148600000,147570,1007,125.64,71.01
barbados,12.2,148.43,,55.76,5145,1103,75.26,,,,69.25,75.37
belarus,11.5,130.55,,64.98,59643,306,362.19,9480178,207595,45.7,118.51,71.08
belgium,11.9,131.86,,77.38,533153,4401,61.24,10839905,30528,355.1,28.25,80.53
belize,22.1,111.87,,57.79,1925,253,124.34,,,,79.24,69.76
benin,37.3,68.91,,38.17,10456,31,151.46,9211741,114763,80.3,141.07,59.2
bermuda (uk),11.9,,,,,,,,,,,
bhutan,20.7,73.27,,47.22,2627,69,151.69,,,,65.88,68.88
bolivia,,89.74,,55.98,41410,101,91.29,10426154,1098581,9.5,63.35,67.72
bosnia and herzegovina,8.3,107.64,,41.84,19881,417,123.19,3844046,51129,75.2,102.85,76.26
botswana,24.8,72.93,,51.7,18998,381,107.42,2029307,581730,3.5,98.02,64.12
brazil,12.69,107.43,1011548,60.7,1868184,895,80.16,193252604,8515767,22.7,53.03,74.05
british virgin islands,10.1,,,,,,,,,,,
brunei darussalam,15.5,110.19,,63.57,14082,803,80.26,,,,46.93,78.44
bulgaria,9.6,134.04,,67.85,64963,485,211.28,7563710,110993,68.1,131.98,74.04
burkina faso,45,88.27,,42.83,14180,34,170.63,15730977,274200,57.4,94.36,58.07
burundi,33.3,133.56,,27.43,3436,26,78.73,8518862,27834,306.1,101.45,56.07
cabo verde,,,,56.94,,,,,,,,
cambodia,25.4,122.7,3771,43.23,24523,54,144.95,14302779,181035,79,119.57,67.61
cameroon,34.2,82.8,,40.81,38521,59,124.42,19958352,475442,42,136.18,54.87
canada,11.2,118.16,,72.18,1711387,4988,55.36,34108752,9984670,3.4,18.22,81.78
cape verde,,66.59,,,1970,148,123.58,,,,140.48,72.97
cayman islands (uk),14.5,,,,,,,,,,,80.45
central african republic,33.2,82.66,,36.42,2185,17,110.11,4505945,622984,7.2,155.11,49.53
chad,43.2,84.59,,45.34,10919,36,124.86,11714904,1284000,9.1,133.05,51.13
chile,14.5,110.46,,57.49,298172,871,49.05,17094270,756096,22.6,39.3,81.21
china,11.9,139.44,,50.74,13407398,199,98.33,1339724852,9596961,139.6,128.18,75.43
colombia,18.9,104.22,121600,65.22,333114,384,97.29,45508205,1141748,39.9,38.03,73.75
comoros,29.4,96.37,,44.24,742,67,92.29,,,,117.68,62.83
democratic republic of the congo,31.9,107.77,,30.41,42644,13,82.42,67827496,2345409,28.9,110.84,58.1
republic of the congo,42.5,70.74,,42.39,11188,55,102.16,3758678,342000,11,101.88,61.42
cook islands (new zealand),16.8,,,,,478,,,,,,
costa rica,15.9,103.46,21000,67.85,59006,664,72.38,4563539,51100,89.3,29.79,79.16
cote d'ivoire,,95,,45.25,43032,75,175.14,21570746,322463,66.9,171.11,50.97
croatia,9.4,163.62,,65.45,60688,1125,149.56,4425747,56594,78.2,76.19,77.05
cuba,11.8,132.24,,63.42,,,100.35,11241161,109884,102.3,46.99,79.16
curacao netherlands antilles,13.6,,,,,,,,,,,77.77
cyprus,11.3,112.26,,72.6,24492,1959,89.18,,,,31.85,79.9
czech republic,10.4,134.31,,67.68,242052,1374,152.37,10506813,78866,133.2,43.82,78.35
denmark,10.6,145.33,,81.6,350874,6036,44.76,5534738,42931,128.9,26.79,79.99
djibouti,26.5,82.15,,40.04,2187,55,86.76,,,,93.57,61.61
dominican republic,21.1,114.41,8839,64.71,80940,300,129.96,9884371,48315,204.6,69.73,73.19
ecuador,15.1,98.08,,57.42,107511,350,60.55,14483499,283561,51.1,36.27,75.54
egypt,30.4,118.58,,61.21,249559,111,216.82,78728000,1010408,77.9,95.56,70.84
el salvador,20,107.55,6458,53.91,26057,240,103.39,6194126,21041,294.4,30.39,72.64
equatorial guinea,37.4,72.91,,60.4,13734,263,126.86,1313000,28050,46.8,112.47,57.13
eritrea,33.6,106.23,,39.34,6721,18,93.11,5223994,117600,44.4,122.03,63.07
estonia,11,140.59,,64.31,30312,928,180.43,1340127,45227,29.6,35.03,76.52
eswatini (swaziland),31.1,,,,4679,,,,,,,49.18
ethiopia,35.7,92.21,,44.78,80279,17,106.06,83483000,1104300,75.6,89.82,63.13
f.s. micronesia,23.5,,,,,,,,,,,
falkland islands (uk),9,,,,,,,,,,,
faroe islands (denmark),11.9,,,,,,,,,,,
federated states of micronesia,,,,,,,,,,,,68.93
fiji,21.4,92.64,,53.09,4809,135,161.57,,,,73.71,69.72
finland,11.1,105.06,,78.64,275321,4098,86.1,5351427,338424,15.8,33.83,80.53
france,12.6,136.23,644,83.95,2775252,4385,43.25,62791013,640679,98,23.16,81.85
french guiana,26.1,,,,,,,,,,,78.98
french polynesia,17,,,,,,,,,,,76.12
gabon,,62.69,,45.05,17033,217,98.2,1501266,267667,5.6,103.58,63.65
gambia,34.6,58.92,,42.42,1617,32,142.6,1750732,10689,163.8,136.82,59.83
georgia,12.9,120.76,,55.69,16324,263,229.05,4436391,69700,63.6,143.85,74.64
germany,8.1,125.9,,78.37,4000386,4697,83.78,81802257,357168,229,25.61,80.66
ghana,30.8,79.3,,49.66,65191,86,155.08,24223431,239567,101.1,160.1,61.03
gibraltar (uk),14.9,,,,,,,,,,,
greece,9.2,121.87,,73.6,219097,2574,112.4,11305118,131957,85.7,65.08,80.6
greenland (denmark),14.5,,,,,,,,,,,
grenada,16.5,183.94,,50.93,1196,452,151.92,,,,94.19,73.17
guadeloupe (france),13.6,,,,,,,,,,,80.56
guam (usa),20.6,,,,,,,,,,,78.72
guatemala,30.5,84.5,1925,52.33,78979,181,84.3,14361666,108889,131.9,41.02,71.47
"guernsey (channel islands, uk)",10.1,,,,,,,,,,,
guinea,37.3,80.65,,46.62,11739,20,115.65,10323755,245836,42,116.39,58.04
guinea-bissau,39.4,71.41,,44.67,1459,34,129.92,1647380,36125,45.6,123.07,54.72
guyana,16.6,89.03,,47.93,3636,141,207.86,,,,140.94,66.24
haiti,26,96.07,,33.74,9525,69,161.82,9855000,27750,355.1,139.82,62.29
honduras,27.3,98.75,69745,51.51,23778,159,108.11,8045990,112492,71.5,50.93,72.83
hong kong,13.5,,,,363031,,,7024200,2755,2549.6,,82.07
hungary,8.8,179.91,,65.01,155703,983,181.46,10014324,93030,107.6,58.72,74.98
iceland,14.1,109.47,,78.57,25882,3671,80.3,,,,26.13,82.3
india,21.8,72.21,5837,30.57,2716746,45,146.11,1182105564,3287263,359.6,71.48,67.47
indonesia,18.1,109.83,10230,46.92,1022454,107,140.88,237641326,1904569,124.8,186.29,68.59
iran,18.2,98.35,,58.16,452275,441,170.87,74733230,1648195,45.3,83.32,75.06
iraq,31,108.08,,43.2,226070,145,215.95,32481000,437072,74.3,94.27,69.19
ireland,16.3,126.41,,78.77,372695,5128,71.73,4467854,70273,63.6,25.97,80.57
isle of man (uk),12.3,,,,,,,,,,,
israel,21.4,115.44,,75.01,369843,2218,46.66,7623600,22072,345.4,22.79,82.64
italy,9.1,122.39,,76.96,2072201,3215,64.95,60340328,301338,200.2,36.02,83.31
ivory coast,32.8,,,,,,,,,,,
jamaica,15.2,116.22,,58.58,15422,252,64.41,2701200,10991,245.8,77.34,75.44
japan,8.3,113.71,,74.69,4971929,4060,40.59,128056000,377972,338.8,33.6,83.74
"jersey (channel islands, uk)",11.3,,,,,,,,,,,
jordan,28.9,102,,62.2,42371,309,136.01,6113000,89341,68.4,77.92,73.79
kazakhstan,22.5,195.42,,54.56,170539,364,182.6,16442000,2724900,6,90.99,69.07
kenya,36.1,149.01,,47.25,89205,62,44.2,40862900,580367,70.4,66.9,60.62
kiribati,27.8,114.51,,55.26,189,140,124.6,,,,169.81,65.74
kosovo,19.1,,,,7981,,,2208107,10908,202.4,,
kuwait,16,59.47,,62.28,141050,1061,203.54,3566437,17818,200.2,83.21,74.28
kyrgyzstan,27.1,97.84,,54.86,8093,63,388.11,5418300,199951,27.1,137.56,70.26
laos,28,135.67,14659,42.94,18434,35,167.41,6230200,237955,26.2,122.62,65.51
latvia,9.1,153.54,,66.12,34881,973,206.28,2248374,64589,34.8,104.98,73.95
lebanon,24.3,98.76,,61.08,56409,659,214.24,3785655,10452,362.2,56.01,78.86
lesotho,30.4,95.19,,33.78,2762,80,124.75,1891830,30355,62.3,116.53,49.5
liberia,36.1,81.14,,41.62,3249,33,110.97,4101767,111369,36.8,107.18,60.25
libya,21.5,94.32,,49.79,43587,,191.96,6545619,1759541,3.7,88.8,71.47
liechtenstein,10.9,,,,,,,,,,,
lithuania,11.3,149.55,,69.33,53323,805,234.58,3329039,65300,51,84.13,73.07
luxembourg,10.9,111.81,,79.12,68770,7452,60.35,,,,25.72,81.34
macau,10.6,,,,54545,,,,,,,80.3
macedonia,11.1,135.97,,61.06,,,121.15,2052722,25713,79.8,130.87,
madagascar,33.5,129.3,,33.73,12093,22,88.59,20146442,587041,34.3,122.95,64.5
malawi,44.6,156.9,,49.21,6925,33,85.23,13947592,118484,117.7,72.01,60.97
malaysia,17.5,95.89,45037,59.22,354348,302,137.02,28334135,330803,85.7,71.5,74.5
maldives,22.4,72.8,,52.14,5302,594,111.46,,,,46.92,76.36
mali,45.4,91.76,,43.71,17187,31,144.2,15370000,1240192,12.4,138.9,57.23
malta,10.2,101.23,,80.9,14505,1733,103.64,,,,31.26,80.3
marshall islands,31.1,,,,214,607,,,,,,
martinique (france),13,,,,,,,,,,,81.18
mauritania,33.2,67.3,,39.24,5194,40,126.7,3217383,1030000,3.1,112.3,62.77
mauritius,11.4,78.91,,56.63,14277,367,115.32,1283415,2040,629.1,53.19,74.15
mayotte (france),23.2,,,,,,,,,,,79.34
mexico,17.5,71.34,12240,59.69,1223359,539,90.16,112336538,1972550,56.9,32.38,76.48
micronesia,,102.99,,49.8,374,371,156.8,,,,99.12,
moldova,11,117.81,,51.97,11404,,322.26,3563695,33846,105.3,121.53,71.33
monaco,27.3,,,,,3370,,,,,,
mongolia,25.1,197.11,,57.51,13038,96,243.21,2780800,1566000,1.8,183.93,68.89
montenegro,11.6,150.84,,61.33,5402,388,147.91,,,,164.39,76.02
montserrat (uk),9.3,,,,,,,,,,,
morocco,18.8,83.8,,63.47,118309,169,124.67,31894000,710850,44.9,77.9,73.61
mozambique,41.4,146.7,,46.37,14428,21,77.78,22416881,801590,28,109.43,54.63
myanmar,19.3,122.3,,45.32,68559,15,78.45,59780000,676578,88.4,159.87,65.64
namibia,,69.06,,58.46,13824,492,116.09,2212037,825615,2.7,91.52,64.34
nauru,29.7,,,,,665,,,,,,
nepal,24.3,78.34,280,31.44,28812,30,158.35,28043744,147181,190.5,80.01,69.03
netherlands,10.8,139.39,,75.46,912899,5249,52.1,16574989,41543,399,27.46,81.31
new caledonia (france),16.7,,,,,,,,,,,76.19
new guinea,,174.8,,,,,159.17,,,,138.34,
new zealand,14.3,120.03,,75.96,203404,3240,72.29,4367800,268021,16.3,31.78,81.56
nicaragua,23.2,90.46,,55.04,13258,99,100.18,5822265,130375,44.7,49.89,74.47
niger,46,55.17,,35.74,9226,22,116.43,15203822,1267000,12,114.59,60.65
nigeria,36.9,95.59,,54.76,397270,76,117.12,158258917,923768,171.3,120,52.29
niue,,,,,,1288,,,,,,
niue (new zealand),14.8,,,,,,,,,,,
north korea,14.4,148.52,,,,,109.84,24325701,120540,201.8,177.55,69.91
north macedonia,,,,,12669,316,,,,,,
northern mariana islands (usa),20.7,,,,,,,,,,,
norway,12.2,124.11,,77.49,434937,7860,62.16,4858199,385203,12.6,28.44,81.32
oman,31,54.21,,51.32,82243,529,128.07,2773479,309500,9,45.41,76.33
pakistan,27.5,88.37,7000,37.5,312570,27,246.84,173510000,881913,196.7,100.5,65.88
palau,13.6,,,,297,1038,,,,,,
palestine,32.8,,,,,,,4048403,6020,672.5,,72.65
panama,19.7,92.29,,62.71,65206,527,72.53,3504483,75417,46.5,43.56,77.32
papua new guinea,30.9,,,39.35,21319,42,,6744955,462840,14.6,,62.31
paraguay,22.9,109.11,13678,53.93,41604,201,100.96,6459727,406752,15.9,76.98,72.74
peru,19.9,103.88,,61.92,225203,239,74.12,29461933,1285216,22.9,37.59,74.15
philippines,25.3,97.69,119789,57.65,330846,92,191.79,94013200,343448,273.7,134.74,67.99
pitcairn islands (uk),12.3,,,,,,,,,,,
poland,10.2,144.43,,64.11,586015,809,148.09,38167329,312679,122.1,63.21,77.14
portugal,9.2,128.07,,71.91,238510,2213,47.23,10637713,92212,115.4,47.51,80.55
puerto rico,,,13990,,104344,,,3721978,9104,408.8,,
puerto rico (usa),11.4,,,,,,,,,,,79.22
qatar,11.9,76.41,,67.8,192450,1258,101.08,1699435,11581,146.7,30.96,77.89
reunion (france),17,,,,,,,,,,,79.54
republic of macedonia,,,,,,,,,,,,75.16
republic of moldova,,,,,,198,,,,,,
romania,9.2,149.84,,64.78,239851,472,212.34,21462186,238397,90,109.24,74.46
russia,12.6,156.55,,63.79,1630659,567,292,142849472,17075200,8.4,166.9,69.83
rwanda,42.1,149.02,,43.68,9511,55,76.86,10412820,26338,395.4,80.7,63.14
saint barthelemy (france),10.2,,,,,,,,,,,
"saint helena, ascension and tristan da cunha (uk)",8.5,,,,,,,,,,,
saint kitts and nevis,12.5,,,,1019,785,,,,,,
saint lucia,12.8,133.02,,56.18,1874,477,73.29,,,,80.08,74.81
saint martin (france),16.6,,,,,,,,,,,
saint pierre and miquelon (france),8.3,,,,,,,,,,,
saint vincent and the grenadines,16.8,163.18,,66.48,826,277,149.34,,,,93.56,72.75
samoa,24.8,59.86,,54.5,861,193,131.75,,,,74.41,73.02
san marino,10.2,,,,1638,3974,,,,,,
sao tome and principe,29.4,126.58,,54.01,449,60,94.7,,,,112.64,66.23
saudi arabia,22.9,62.78,2219,57.47,782483,671,174.22,27136977,2149690,12.6,89.82,74.08
senegal,36.7,74.43,,49.52,24027,40,112.06,12509434,196712,63.6,119.65,65.81
serbia,9,155.24,,57.49,50651,545,118.68,7291436,77474,94.1,80.28,74.65
seychelles,18.6,138.15,,66.02,1573,380,112.62,,,,54.16,72.94
sierra leone,38.4,76.06,,42.54,3906,37,188.09,5835664,71740,81.3,184.54,50.19
singapore,9.5,105.14,5103,64.23,361109,1503,62.1,5076700,721,7041.2,23.27,82.66
sint maarten (netherlands),13,,,,,,,,,,,
slovakia,11.3,162.57,,70.6,106585,1295,155.65,5424925,49035,110.6,53.41,76.04
slovenia,10.7,150.61,,67.57,54242,2008,85.67,2046976,20273,101,41.68,80.08
solomon islands,34.3,98.43,,43.22,1424,94,147,,,,119.21,67.53
somalia,42.3,118.23,,,,,68.56,9358602,637657,14.7,91.16,54.88
south africa,21,152.09,,44.73,368135,540,114.02,49991300,1221037,40.9,93.76,57.11
south korea,9.4,106.46,,62.3,1619424,1437,30.76,49410366,100210,493.1,34.98,81.43
south sudan,36.8,123.38,,,3929,,73.85,,,,85,55.06
spain,10.2,117.92,,78.39,1425865,2778,49.62,45989016,505990,90.9,25.54,82.28
sri lanka,17.4,85.52,26824,60.61,88223,83,126.95,20653000,65610,314.8,73.82,74.64
sudan,32.6,80.5,,51.49,33903,104,227.35,42338426,1886068,22.4,136.47,63.08
suriname,18.7,114.68,,54.2,3427,450,118.55,,,,120.46,70.9
swaziland,,98.24,,40.32,,313,126.95,,,,114.83,
sweden,11.8,112.77,,80.51,551135,4437,75.3,9340682,450295,20.7,27.52,81.93
switzerland,10.2,107.99,,87.42,703750,8019,61.81,7785806,41285,188.6,19.5,82.84
syria,27.6,126.8,,,77460,,256.78,20619000,185180,111.3,106.07,69.51
taiwan,8.5,,1211,72.84,589391,,,23162120,36197,639.9,,79.26
tajikistan,28.7,85.21,,47.85,7520,43,271.42,7616400,143100,53.2,140.11,69.07
tanzania,39.8,107.61,,50.83,57862,,85.3,43187823,947303,45.6,76.58,64.04
thailand,12.4,107.92,108863,49.88,487239,172,71.19,63878267,513120,124.5,62.45,74.14
timor-leste,39.2,121.02,,49.54,3090,51,122.96,,,,102.11,67.73
togo,30.9,91.93,,41.78,5358,31,145.94,6191155,56785,109,143.6,59.01
tokelau (new zealand),22.1,,,,,,,,,,,
tonga,26.5,159.49,,62.49,470,178,128.72,,,,75.78,72.6
trinidad and tobago,15.2,123.29,1200,67.36,22311,801,154.33,1317714,5131,256.8,75.02,70.23
tunisia,18.6,71.25,,62.35,39911,244,107.16,10547100,163610,64.5,98.12,74.6
turkey,16.7,137.04,,52.96,766428,539,108.59,73722988,783356,94.1,58.99,74.84
turkmenistan,21.7,110.62,,66.1,44114,222,411.1,5479800,491210,11.2,170.8,65.39
turks and caicos islands (uk),14.8,,,,,,,,,,,
tuvalu,22.9,,,,45,440,,,,,,
u.s. virgin islands,11.1,,,,,,,,,,,80.06
uganda,44.1,158.91,,44.28,28122,63,65.39,31784600,241038,131.9,91.84,57.25
ukraine,11,130.51,,52.87,124603,189,395.73,45782592,603628,75.8,118.81,70.76
united arab emirates,9.6,,,58.9,424635,1359,,8264070,83600,98.9,,76.67
united kingdom,12.9,134.39,,79.89,2828644,3307,57.34,62026962,242495,255.8,27.45,80.45
united republic of tanzania,,,,,,36,,,,,,
united states of america,12.7,114.15,198,71.19,20494050,7950,86.89,309349689,9833520,31.5,23.69,78.88
uruguay,14.1,158.35,,64.65,60180,1002,70.98,3356584,176215,19,45.51,76.96
uzbekistan,21.5,62.91,,45.88,41241,74,325.43,28001400,448978,62.4,83.74,68.25
vanuatu,31.1,82.15,,44.55,928,82,137.11,,,,100.56,71.48
venezuela,20.2,107.64,124931,63.89,98468,614,126.76,28833845,716445,40.2,53.59,73.95
vietnam,16.6,113.05,80000,46.96,241272,77,68.84,86932500,331230,262.5,115.38,75.57
wallis and futuna (france),13.4,,,,,,,,,,,
western sahara (sahrawi),21.9,,,,,,,,,,,67.61
yemen,35.9,69.45,,,26914,68,298.84,23153982,527968,43.9,164.35,63.51
zambia,43.6,112.19,,50.97,25179,67,85.07,13257269,752618,17.6,64.18,58.75
zimbabwe,29.2,117.18,,43.41,26127,78,77.38,12644041,390757,32.4,63.38,54.78
